"License Number","License Type","Name of Program","AddressLine1","AddressLine2","AddressLine3","City","State","Zip","County","Phone","License Status","License Holder","Capacity","Type Of License","Restrictions","Services","Licensing Authority","Initial Effective Date","Current Effective Date","Expiration Date","License Holder Lives Onsite","EmailAddress",
"1074484","Children's Residential Facilities","180 Degrees Inc","","","","","  ","          ","Ramsey","(612) 287-4801","Active","180 Degrees Inc","14 ","","None","Unit name: 180 Degrees Inc; Unit capacity: 14 ; Ages served: 10 through 17; Gender: Female; Services provided: Group Residential Setting     Shelter Services     Transitional Services     ; Specialized Setting Certifications: Sex Trafficked - Commercially Sexually Exploited or At Risk     ;  ","Minnesota Department of Human Services","08/01/2014","01/01/2026","12/31/2026","   ","",
"1086169","Children's Residential Facilities","180 Degrees Inc Hope House","","","","","  ","          ","Hennepin","(612) 900-2077","Active","180 Degrees Inc","6  ","","None","Unit name: 1; Unit capacity: 6  ; Ages served: 14 through 17; Gender: Either; Services provided: Shelter Services     ; Specialized Setting Certifications: Sex Trafficked - Commercially Sexually Exploited or At Risk     ;  ","Minnesota Department of Human Services","07/24/2017","01/01/2026","12/31/2026","   ","",
"1106748","Children's Residential Facilities","180 Degrees Rochester","","","","","  ","          ","Olmsted","(507) 280-0110","Active","180 Degrees Inc","12 ","","None","Unit name: Unit 1; Unit capacity: 12 ; Ages served: 12 through 17; Gender: Either; Services provided: Group Residential Setting     Shelter Services     ; Specialized Setting Certifications: Sex Trafficked - Commercially Sexually Exploited or At Risk     ;  ","Minnesota Department of Human Services","06/01/2021","01/01/2026","12/31/2026","   ","",
"1106751","Children's Residential Facilities","180 Degrees St Cloud","","","","","  ","          ","Stearns","(612) 813-5000","Active","Daniel Frank Pfarr","12 ","","None","Unit name: Unit 1; Unit capacity: 12 ; Ages served: 12 through 17; Gender: Either; Services provided: Group Residential Setting     Shelter Services     ; Specialized Setting Certifications: Sex Trafficked - Commercially Sexually Exploited or At Risk     ;  ","Minnesota Department of Human Services","06/01/2021","01/01/2026","12/31/2026","   ","",
"830715","Children's Residential Facilities","Adolescent Residential Substance Abuse Program","1675 BEAM AVE","","","Maplewood ","MN","55109-1172","Ramsey","(651) 213-8060","Active","Fairview Health Services","10 ","","None","Unit name: Adolescent Residential Substance Abuse Program; Unit capacity: 10 ; Ages served: 12 through 17; Gender: Either; Services provided: Group Residential Setting     Chemical Dependency Treatment (Co-occurring Disorders, Medical services)     ;  ","Minnesota Department of Human Services","06/15/1998","01/01/2026","12/31/2026","   ","",
"800051","Children's Residential Facilities","Ain Dah Yung (our Home) Center","","","","","  ","          ","Ramsey","(651) 227-4184","Active","Ain Dah Yung (Our Home) Center","10 ","","None","Unit name: Shelter; Unit capacity: 10 ; Ages served: 5 through 17; Gender: Either; Services provided: Shelter Services     ; Specialized Setting Certifications: Sex Trafficked - Commercially Sexually Exploited or At Risk     ;  ","Minnesota Department of Human Services","05/10/1984","01/01/2026","12/31/2026","   ","",
"1059868","Children's Residential Facilities","Anna Westin House Adolescent and Young Adult","2230 Como Ave","","","Saint Paul","MN","55108     ","Ramsey","(651) 645-5323","Active","Emily Program (The) ","26 ","","License numbers 1059868 (CRF) and 1059740 (Rule 36) are co-located and together are licensed for a total capacity of 26. The number of clients in each service class/license is not fixed, but the combined capacity cannot exceed 26.","Unit name: Anna Westin House Adolescent and Young Adult; Unit capacity: 26 ; Ages served: 10 through 17; Gender: Either; Services provided: Group Residential Setting     Mental Health Treatment     ;  ","Minnesota Department of Human Services","07/18/2011","01/01/2026","12/31/2026","   ","",
"1056721","Children's Residential Facilities","Anoka County Juvenile Center","7545 Fourth Avenue","","","Lino Lakes","MN","55014     ","Anoka","(651) 783-3989","Active","Anoka County","50 ","","Number of Long-Term Beds: 25","Unit name: Secure; Unit capacity: 59 ; Ages served: 10 through 21; Gender: Male; Services provided: Group Residential Setting     Correctional Services     Secure Services     Restrictive Techniques     Detention Services     ;  ","Minnesota Department of Corrections","01/30/2010","01/01/2026","12/31/2026","   ","",
"1036841","Children's Residential Facilities","Anoka County Juvenile Center-Nonsecure","7555 Fourth Avenue","","","Lino Lakes","MN","55014-1097","Anoka","(651) 783-3989","Active","Anoka County","25 ","","None","Unit name: Nonsecure; Unit capacity: 25 ; Ages served: 10 through 21; Gender: Either; Services provided: Group Residential Setting     Correctional Services     Restrictive Techniques     Detention Services     ;  ","Minnesota Department of Corrections","07/01/2005","01/01/2026","12/31/2026","   ","",
"1038850","Children's Residential Facilities","Anthony Louis Center North","1000 PAUL PKWY NE","","","Blaine","MN","55434-3925","Anoka","(763) 757-2906","Active","On-belay Of Minnesota Inc dba Anthony Louis Center","20 ","","None","Unit name: Anthony Louis Center; Unit capacity: 20 ; Ages served: 12 through 18; Gender: Either; Services provided: Group Residential Setting     Chemical Dependency Treatment     ;  ","Minnesota Department of Human Services","07/01/2005","01/01/2026","12/31/2026","   ","",
"1036843","Children's Residential Facilities","Arrowhead Juvenile Center","1918 N Arlington Avenue","","","Duluth","MN","55811     ","St. Louis","(218) 625-6700","Active","Arrowhead Juvenile Center","48 ","","None","Unit name: Unit 1; Unit capacity: 24 ; Ages served: 10 through 21; Gender: Either; Services provided: Group Residential Setting     Correctional Services     Secure Services     Restrictive Techniques     Detention Services     ;  Unit name: Unit 2; Unit capacity: 24 ; Ages served: 10 through 21; Gender: Either; Services provided: Correctional Services     Secure Services     Restrictive Techniques     Detention Services     ;  ","Minnesota Department of Corrections","07/01/2005","01/01/2026","12/31/2026","   ","",
"1114282","Children's Residential Facilities","Aspen House","2031 VICTORIA RD S","","","Mendota Heights","MN","55118-4163","Dakota","(763) 551-8640","Active","Nexus Family Healing","12 ","","None","Unit name: Unit 1; Unit capacity: 12 ; Ages served: 11 through 17; Gender: Either; Services provided: Restrictive Techniques     Shelter Services     ;  ","Minnesota Department of Human Services","10/28/2022","01/01/2026","12/31/2026","   ","",
"1049979","Children's Residential Facilities","Avanti Center for Girls","10300 Flanders Street NE","","","Blaine","MN","55449     ","Anoka","(763) 230-7470","Active","Volunteers of America of Minnesota","28 ","","None","Unit name: Mental Health/Shelter; Unit capacity: 14 ; Ages served: 10 through 17; Gender: Female; Services provided: Group Residential Setting     Mental Health Treatment     Restrictive Techniques     Shelter Services     ; Specialized Setting Certifications: Qualified Residential Treatment Program     ;  Unit name: Mental Health/Shelter; Unit capacity: 14 ; Ages served: 10 through 17; Gender: Female; Services provided: Group Residential Setting     Mental Health Treatment     Restrictive Techniques     Shelter Services     ; Specialized Setting Certifications: Qualified Residential Treatment Program     ;  ","Minnesota Department of Human Services","02/19/2008","01/01/2026","12/31/2026","   ","",
"1036848","Children's Residential Facilities","Bar None Residential Services","22426 SAINT FRANCIS BLVD","","","Anoka","MN","55303-9670","Anoka","(763) 753-2500","Active","Volunteers of America of Minnesota","40 ","","None","Unit name: Bar None Haven West; Unit capacity: 12 ; Ages served: 11 through 17; Gender: Either; Services provided: Group Residential Setting     Mental Health Treatment     Mental Health Locked Setting     Restrictive Techniques     ; Specialized Setting Certifications: Qualified Residential Treatment Program     ;  Unit name: Bar None Omegon South; Unit capacity: 10 ; Ages served: 12 through 17; Gender: Either; Services provided: Group Residential Setting     Mental Health Treatment     Chemical Dependency Treatment     Restrictive Techniques     ; Specialized Setting Certifications: Qualified Residential Treatment Program     ;  Unit name: Bar None Haven East; Unit capacity: 12 ; Ages served: 11 through 17; Gender: Either; Services provided: Group Residential Setting     Mental Health Treatment     Mental Health Locked Setting     Restrictive Techniques     ; Specialized Setting Certifications: Qualified Residential Treatment Program     ;  Unit name: Bar None Haven North; Unit capacity: 6  ; Ages served: 11 through 17; Gender: Either; Services provided: Group Residential Setting     Mental Health Treatment     Mental Health Locked Setting     Restrictive Techniques     ; Specialized Setting Certifications: Qualified Residential Treatment Program     ;  ","Minnesota Department of Human Services","07/01/2005","01/01/2026","12/31/2026","   ","",
"810437","Children's Residential Facilities","Beverley A Benjamin Youth Lodge","1212 RAYMOND AVE","","","Saint Paul","MN","55108-1928","Ramsey","(651) 632-8923","Active","Ain Dah Yung (Our Home) Center","6  ","","None","Unit name: Beverley Benjamin Youth Lodge; Unit capacity: 6  ; Ages served: 16 through 21; Gender: Either; Services provided: Transitional Services     ;  ","Minnesota Department of Human Services","07/03/1996","01/01/2026","12/31/2026","   ","",
"830857","Children's Residential Facilities","Bridge for Youth (The)","","","","","  ","          ","Hennepin","(612) 230-6702","Active","Bridge for Youth (The)","38 ","","RESTRICTIONS - Marlene's Place, 5 parents and 7 children of youth ages 0 - 3; Gloria's Place, 6 parents & 6 children of youth ages 0 - 3.","Unit name: Marlene's Place; Unit capacity: 12 ; Ages served: 16 through 20; Gender: Either; Services provided: Transitional Services     ; Specialized Setting Certifications: Pregnant and Parenting Youth     ;  Unit name: Emergency Shelter; Unit capacity: 14 ; Ages served: 10 through 17; Gender: Either; Services provided: Shelter Services     ; Specialized Setting Certifications: Sex Trafficked - Commercially Sexually Exploited or At Risk     ;  Unit name: Gloria's Place; Unit capacity: 12 ; Ages served: 15 through 17; Gender: Either; Services provided: Shelter Services     ; Specialized Setting Certifications: Pregnant and Parenting Youth     ;  ","Minnesota Department of Human Services","09/18/1998","01/01/2026","12/31/2026","   ","j.hawkins@bridgeforyouth.org",
"1076492","Children's Residential Facilities","Brooklyn Avenues","7210 76th Ave N","","","Brooklyn Park","MN","55428     ","Hennepin","(612) 522-1690","Active","Avenues for Homeless Youth","12 ","","None","Unit name: Brooklyn Avenues; Unit capacity: 12 ; Ages served: 16 through 20; Gender: Either; Services provided: Transitional Services     ;  ","Minnesota Department of Human Services","02/06/2015","01/01/2026","12/31/2026","   ","kmeerse@avenuesforyouth.org",
"1036850","Children's Residential Facilities","Carver County Temporary Holdover Facility","606 E Fourth Street","","","Chaska","MN","55318     ","Carver","(952) 361-1103","Active","Carver County","6  ","","None","Unit name: 8 Day THF; Unit capacity: 6  ; Ages served: 10 through 21; Gender: Either; Services provided: Secure Services     Restrictive Techniques     Detention Services     ;  ","Minnesota Department of Corrections","07/01/2005","01/01/2026","12/31/2026","   ","",
"1125108","Children's Residential Facilities","Corrie's House","","","","","  ","          ","Washington","(651) 354-1901","Active","Corrie's House","6  ","","None","Unit name: Unit 1; Unit capacity: 6  ; Ages served: 12 through 17; Gender: Either; Services provided: Group Residential Setting     Shelter Services     ; Specialized Setting Certifications: Sex Trafficked - Commercially Sexually Exploited or At Risk     ;  ","Minnesota Department of Human Services","05/12/2025","01/01/2026","12/31/2026","   ","Info@corrieshouse.org",
"802474","Children's Residential Facilities","Crisis Stabilization - Youth","1125  SE 6th St","","","Willmar","MN","56201     ","Kandiyohi","(320) 235-4613","Active","Woodland Centers","7  ","","None","Unit name: Crisis_Stabilization  - Youth; Unit capacity: 7  ; Ages served: 6 through 17; Gender: Either; Services provided: Shelter Services     ;  ","Minnesota Department of Human Services","11/01/1984","01/01/2026","12/31/2026","   ","",
"1036852","Children's Residential Facilities","Dakota County Juvenile Services Center","1600 HIGHWAY 55","","","Hastings","MN","55033-2368","Dakota","","Active","Dakota County","40 ","","Unit 3 Only - Number of Long-Term Beds: 10","Unit name: Detention; Unit capacity: 10 ; Ages served: 10 through 21; Gender: Either; Services provided: Secure Services     Restrictive Techniques     Detention Services     ;  Unit name: Secure Residential; Unit capacity: 10 ; Ages served: 10 through 21; Gender: Either; Services provided: Group Residential Setting     Correctional Services     Secure Services     Restrictive Techniques     Detention Services     ;  Unit name: Long-Term; Unit capacity: 10 ; Ages served: 10 through 21; Gender: Either; Services provided: Group Residential Setting     Correctional Services     Secure Services     Restrictive Techniques     Detention Services     ;  Unit name: Short-Term; Unit capacity: 10 ; Ages served: 10 through 21; Gender: Either; Services provided: Group Residential Setting     Correctional Services     Secure Services     Restrictive Techniques     Detention Services     ;  ","Minnesota Department of Corrections","07/01/2005","01/01/2026","12/31/2026","   ","",
"1081329","Children's Residential Facilities","Divine Intervention","806 EDMUND AVE","","","Saint Paul","MN","55104-2584","Ramsey","(651) 401-0477","Active","DIVINE Institute","8  ","","None","Unit name: The Tower; Unit capacity: 8  ; Ages served: 11 through 16; Gender: Female; Services provided: Group Residential Setting     Shelter Services     ; Specialized Setting Certifications: Sex Trafficked - Commercially Sexually Exploited or At Risk     ;  ","Minnesota Department of Human Services","08/17/2017","01/01/2026","12/31/2026","   ","",
"1126552","Children's Residential Facilities","DKI Teen Parent Program","2122 WOODLAND AVE","","","Duluth","MN","55803-2252","St. Louis","(218) 940-0480","Pending Reopening as of 11/25/2025","Divine Konnections Inc.","14 ","","None","Unit name: Unit 1; Unit capacity: 14 ; Ages served: 14 through 21; Gender: Either; Services provided: Transitional Services     ;  ","Minnesota Department of Human Services","10/01/2025","01/01/2026","12/31/2026","   ","",
"1036860","Children's Residential Facilities","East Central Regional Juvenile Center","7565 Fourth Avenue","","","Lino Lakes","MN","55014     ","Anoka","(651) 792-3020","Active","Anoka County","36 ","","None","Unit name: RJC; Unit capacity: 36 ; Ages served: 10 through 21; Gender: Either; Services provided: Group Residential Setting     Correctional Services     Secure Services     Restrictive Techniques     Detention Services     ;  ","Minnesota Department of Corrections","07/01/2005","01/01/2026","12/31/2026","   ","",
"800759","Children's Residential Facilities","Evergreen Shelter Program","","","","","  ","          ","Beltrami","(218) 751-4332","Active","Evergreen Youth & Family Services","10 ","","None","Unit name: Evergreen Shelter; Unit capacity: 10 ; Ages served: 9 through 17; Gender: Either; Services provided: Shelter Services     ; Specialized Setting Certifications: Sex Trafficked - Commercially Sexually Exploited or At Risk     ;  ","Minnesota Department of Human Services","07/01/1977","01/01/2026","12/31/2026","   ","",
"1125400","Children's Residential Facilities","Get It Right","1130 BEECH ST","","","Saint Paul","MN","55106-4605","Ramsey","(612) 248-4447","Revocation Order Issued/Under Appeal/May Operate as of 03/30/2026","Get It Right Inc","5  ","","None","Unit name: Unit 1; Unit capacity: 5  ; Ages served: 12 through 17; Gender: Male; Services provided: Shelter Services     ; Specialized Setting Certifications: Sex Trafficked - Commercially Sexually Exploited or At Risk     ;  ","Minnesota Department of Human Services","07/22/2025","01/01/2026","12/31/2026","   ","",
"1127310","Children's Residential Facilities","Girls Program GP","1815 RIVER RD","","","Grand Rapids","MN","55744-4046","Itasca","(218) 326-4012","Active","North Homes, Inc.","6  ","","None","Unit name: Unit 1; Unit capacity: 6  ; Ages served: 16 through 21; Gender: Female; Services provided: Transitional Services     ; Specialized Setting Certifications: Sex Trafficked - Commercially Sexually Exploited or At Risk     ;  ","Minnesota Department of Human Services","07/23/2025","01/01/2026","12/31/2026","   ","",
"1109203","Children's Residential Facilities","Grafton Integrated Health Network Minnesota Psychiatric Residential Tr","224 KRAYS MILL RD","","","Cold Spring","MN","56320-4563","Stearns","(215) 356-0545","Active","Grafton Integrated Health Network Minnesota Psychiatric Residential Tr","30 ","","None","Psychiatric Residential Treatment Facility Unit name: Evergreen; Unit capacity: 15 ; Ages served: 8 through 21; Gender: Male;  Unit name: Sapphire; Unit capacity: 15 ; Ages served: 8 through 21; Gender: Female;  ","","05/24/2022","01/01/2026","12/31/2026","   ","",
"830983","Children's Residential Facilities","Greater Minneapolis Crisis Nursery","4544 4TH AVE S","","","Minneapolis","MN","55419-5145","Hennepin","(763) 591-0400","Active","Greater Minneapolis Crisis Nursery","26 ","","None","Unit name: Greater Minneapolis Crisis Nusery (North); Unit capacity: 26 ; Ages served: 6 and younger; Gender: Either; Services provided: Shelter Services     ;  ","Minnesota Department of Human Services","02/15/1999","01/01/2026","12/31/2026","   ","accounting@crisisnursery.org",
"1087256","Children's Residential Facilities","Hawkins Home","1813 Park Ave NW","","","Bemidji","MN","56601     ","Beltrami","(218) 751-0282","Active","North Homes, Inc.","6  ","","None","Unit name: Hawkins; Unit capacity: 6  ; Ages served: 16 through 21; Gender: Female; Services provided: Transitional Services     ; Specialized Setting Certifications: Sex Trafficked - Commercially Sexually Exploited or At Risk     ;  ","Minnesota Department of Human Services","10/20/2017","01/01/2026","12/31/2026","   ","info@northhomes.org",
"1038741","Children's Residential Facilities","Hazelden Plymouth","11505 36th Ave N","","","Plymouth","MN","55441     ","Hennepin","(763) 555-2010","Active","Hazelden Betty Ford Foundation","34 ","","None","Unit name: Hazelden Plymouth; Unit capacity: 34 ; Ages served: 12 through 15; Gender: Either; Services provided: Group Residential Setting     Chemical Dependency Treatment     ;  ","Minnesota Department of Human Services","07/01/2005","01/01/2026","12/31/2026","   ","MNLicenses@hazeldenbettyford.org",
"1036870","Children's Residential Facilities","Heartland Ranch, Inc.","185 HIGHWAY 9 NE","","","Benson","MN","56215-1160","Swift","","Active","Heartland Ranch, Inc. AND Heartland Ranch, Inc.","34 ","","None","Unit name: General Campus; Unit capacity: 34 ; Ages served: 10 through 21; Gender: Female; Services provided: Group Residential Setting     Correctional Services     Restrictive Techniques     ; Specialized Setting Certifications: Sex Trafficked - Commercially Sexually Exploited or At Risk     ;  ","Minnesota Department of Corrections","07/01/2005","01/01/2026","12/31/2026","   ","",
"1036881","Children's Residential Facilities","Hennepin County Juvenile Detention Center","510 Park Avenue S","","","Minneapolis","MN","55415     ","Hennepin","(612) 348-8122","Active","Hennepin County","87 ","","None","Unit name: General Campus; Unit capacity: 87 ; Ages served: 10 through 21; Gender: Either; Services provided: Secure Services     Restrictive Techniques     Detention Services     ;  ","Minnesota Department of Corrections","07/01/2005","01/01/2026","12/31/2026","   ","",
"801377","Children's Residential Facilities","Hoffmann Center","1715 SHEPPARD DR","","","Saint Peter","MN","56082-2539","Nicollet","(507) 934-6122","Active","Leo A Hoffmann Center","32 ","","PRTF Variance ","Psychiatric Residential Treatment Facility Unit name: Falcons Unit (Evergreen Cottage); Unit capacity: 8  ; Ages served: 10 through 19; Gender: Male;  Unit name: Wolves Unit (Evergreen Cottage); Unit capacity: 8  ; Ages served: 10 through 19; Gender: Male;  Unit name: Knights Unit (North Cottage); Unit capacity: 8  ; Ages served: 10 through 19; Gender: Male;  Unit name: Phoenixes Unit (North Cottage); Unit capacity: 8  ; Ages served: 10 through 19; Gender: Male;  ","","01/28/1991","01/01/2026","12/31/2026","   ","",
"1036261","Children's Residential Facilities","Hope Harbor","219 N HIGH ST","","","Marshall","MN","56258-1471","Lyon","(507) 537-4525","Active","Hope Harbor","6  ","","None","Unit name: Hope Harbor; Unit capacity: 6  ; Ages served: 12 through 17; Gender: Female; Services provided: Group Residential Setting     ;  ","Minnesota Department of Human Services","07/01/2005","01/01/2026","12/31/2026","   ","marshall@hopeharbormn.org",
"1124803","Children's Residential Facilities","Houston County Juvenile Detention Center (JDC)","306 S MARSHALL ST","","","Caledonia","MN","55921-1466","Houston","(507) 725-3379","Active","Houston County","8  ","","None","Unit name: 8 Day THF; Unit capacity: 8  ; Ages served: 10 through 21; Gender: Either; Services provided: Secure Services     Restrictive Techniques     Detention Services     ;  ","Minnesota Department of Corrections","07/01/2024","01/01/2026","12/31/2026","   ","",
"1010657","Children's Residential Facilities","Itaskin Treatment Center","1880 RIVER RD","","","Grand Rapids","MN","55744-4085","Itasca","(218) 327-3055","Active","North Homes, Inc.","52 ","","Unit 2 Only - Number of Long-Term Beds: 2","Unit name: Unit 1 Bear; Unit capacity: 6  ; Ages served: 10 through 17; Gender: Either; Services provided: Group Residential Setting     Mental Health Treatment     Restrictive Techniques     Shelter Services     ; Specialized Setting Certifications: Qualified Residential Treatment Program     ;  Unit name: Unit 2 Otter; Unit capacity: 6  ; Ages served: 10 through 17; Gender: Either; Services provided: Group Residential Setting     Mental Health Treatment     Restrictive Techniques     Shelter Services     ; Specialized Setting Certifications: Qualified Residential Treatment Program     ;  Unit name: Unit 3 Deer; Unit capacity: 11 ; Ages served: 10 through 17; Gender: Either; Services provided: Group Residential Setting     Mental Health Treatment     Restrictive Techniques     Shelter Services     ; Specialized Setting Certifications: Qualified Residential Treatment Program     ;  Unit name: Unit 4 Wolf; Unit capacity: 11 ; Ages served: 10 through 17; Gender: Either; Services provided: Group Residential Setting     Mental Health Treatment     Restrictive Techniques     Shelter Services     ; Specialized Setting Certifications: Qualified Residential Treatment Program     ;  Unit name: Unit 5 Eagle; Unit capacity: 11 ; Ages served: 10 through 17; Gender: Either; Services provided: Group Residential Setting     Mental Health Treatment     Restrictive Techniques     Shelter Services     ; Specialized Setting Certifications: Qualified Residential Treatment Program     ;  Unit name: Unit 6 Turtle; Unit capacity: 4  ; Ages served: 10 through 17; Gender: Either; Services provided: Group Residential Setting     Mental Health Treatment     Restrictive Techniques     Shelter Services     ; Specialized Setting Certifications: Qualified Residential Treatment Program     ;  Unit name: Unit 7 Loon; Unit capacity: 3  ; Ages served: 10 through 17; Gender: Either; Services provided: Group Residential Setting     Mental Health Treatment     Restrictive Techniques     Shelter Services     ; Specialized Setting Certifications: Qualified Residential Treatment Program     ;  ","Minnesota Department of Human Services","05/02/2001","01/01/2026","12/31/2026","   ","info@northhomes.org",
"1085292","Children's Residential Facilities","Ivy House","717 5TH ST N","","","New Ulm","MN","56073-1814","Brown","(507) 766-6925","Active","Southern Minnesota Crisis Nursery","6  ","","None","Unit name: 1; Unit capacity: 6  ; Ages served: 0 through 10; Gender: Either; Services provided: Shelter Services     ;  ","Minnesota Department of Human Services","06/19/2017","01/01/2026","12/31/2026","   ","",
"1100893","Children's Residential Facilities","Jelani House","221 BELVIDERE ST E","","","Saint Paul","MN","55107-3140","Ramsey","(612) 615-9821","Active","Rebound Inc","6  ","","None","Unit name: Unit 1; Unit capacity: 6  ; Ages served: 14 through 17; Gender: Male; Services provided: Group Residential Setting     Shelter Services     ;  ","Minnesota Department of Human Services","05/15/2020","01/01/2026","12/31/2026","   ","",
"1095378","Children's Residential Facilities","Kadiri House LLC","2131 N 6TH ST STE 2","","","Minneapolis","MN","55411-2720","Hennepin","(612) 886-6228","Active","Kadiri House LLC","10 ","","None","Unit name: Kadiri House; Unit capacity: 10 ; Ages served: 8 through 17; Gender: Male; Services provided: Group Residential Setting     ;  ","Minnesota Department of Human Services","11/20/2018","01/01/2026","12/31/2026","   ","Kadiri@KadiriHouse.com",
"1078609","Children's Residential Facilities","Lakeside Academy","100 Garrison Ave NE","","","Buffalo","MN","55313     ","Wright","(612) 333-4111","Active","Minnesota Adult & Teen Challenge","60 ","","None","Unit name: 1; Unit capacity: 60 ; Ages served: 12 through 18; Gender: Male; Services provided: Group Residential Setting     Chemical Dependency Treatment     ;  ","Minnesota Department of Human Services","06/30/2017","01/01/2026","12/31/2026","   ","",
"801413","Children's Residential Facilities","Little Sand Lakeside","5908 Little Sand Ln NE","","","Remer","MN","56672     ","Cass","(218) 566-4613","Active","Little Sand Group Homes","8  ","","None","Unit name: Lakeside; Unit capacity: 8  ; Ages served: 11 through 17; Gender: Female; Services provided: Group Residential Setting     ; Specialized Setting Certifications: Sex Trafficked - Commercially Sexually Exploited or At Risk     ;  ","Minnesota Department of Human Services","09/10/1990","01/01/2026","12/31/2026","   ","",
"801412","Children's Residential Facilities","Little Sand West","5910 Little Sand Ln NE"," ","","Remer","MN","56672     ","Cass","(218) 566-2342","Active","Little Sand Group Homes","10 ","","None","Unit name: West; Unit capacity: 10 ; Ages served: 11 through 17; Gender: Female; Services provided: Group Residential Setting     ; Specialized Setting Certifications: Sex Trafficked - Commercially Sexually Exploited or At Risk     ;  ","Minnesota Department of Human Services","01/01/1999","01/01/2026","12/31/2026","   ","",
"800188","Children's Residential Facilities","LSS Bethany Crisis Shelter","","","","","  ","          ","St. Louis","(218) 626-2726","Active","Lutheran Social Service of Minnesota","12 ","","None","Unit name: Bethany Crisis Shelter; Unit capacity: 12 ; Ages served: 17 and younger; Gender: Either; Services provided: Restrictive Techniques     Shelter Services     ;  ","Minnesota Department of Human Services","07/01/1977","01/01/2026","12/31/2026","   ","",
"1020196","Children's Residential Facilities","LSS Life Haven","325 JENKS AVE","","","Saint Paul","MN","55130-3924","Ramsey","(651) 776-9805","Active","Lutheran Social Service of Minnesota","14 ","","Babies Ages - 0 to 3 years; RESTRICTION - Six residents & up to 8 children of youth ages 0 - 3 years old.","Unit name: Life Haven; Unit capacity: 14 ; Ages served: 16 through 18; Gender: Female; Services provided: Transitional Services     ;  ","Minnesota Department of Human Services","05/15/2003","01/01/2026","12/31/2026","   ","",
"1012399","Children's Residential Facilities","LSS Renaissance Transitions","1422 E Superior St","","","Duluth","MN","55805     ","St. Louis","(218) 723-8052","Active","Lutheran Social Service of Minnesota","10 ","","None","Unit name: LSS - Renaissance Transitional Living Program; Unit capacity: 10 ; Ages served: 16 through 20; Gender: Either; Services provided: Transitional Services     ;  ","Minnesota Department of Human Services","10/09/2001","01/01/2026","12/31/2026","   ","",
"1040476","Children's Residential Facilities","LSS Safe House","1696 DAYTON AVE","","","Saint Paul","MN","55104-6104","Ramsey","(651) 644-3446","Active","Lutheran Social Service of Minnesota","6  ","","None","Unit name: LSS of MN Safe House; Unit capacity: 6  ; Ages served: 16 through 20; Gender: Either; Services provided: Transitional Services     ;  ","Minnesota Department of Human Services","07/01/2007","01/01/2026","12/31/2026","   ","",
"1036934","Children's Residential Facilities","MCF - Red Wing","1079 Highway 292","","","Red Wing","MN","55066     ","Goodhue","(651) 267-3600","Active","Minnesota Department of Corrections","107","","None","Unit name: General Campus; Unit capacity: 80 ; Ages served: 13 through 21; Gender: Male; Services provided: Group Residential Setting     Correctional Services     Secure Services     Restrictive Techniques     ;  Unit name: Dayton; Unit capacity: 27 ; Ages served: 13 through 21; Gender: Male; Services provided: Group Residential Setting     Correctional Services     Secure Services     Restrictive Techniques     ;  ","Minnesota Department of Corrections","07/01/2005","01/01/2026","12/31/2026","   ","",
"1090428","Children's Residential Facilities","Naima House","1017 HUMBOLDT AVE N","","","Minneapolis","MN","55411-3933","Hennepin","(612) 558-6259","Active","Rebound Inc","6  ","","None","Unit name: Unit 1; Unit capacity: 6  ; Ages served: 14 through 17; Gender: Female; Services provided: Group Residential Setting     Shelter Services     ;  ","Minnesota Department of Human Services","01/01/2018","01/01/2026","12/31/2026","   ","",
"1108472","Children's Residential Facilities","Newport Academy","1726 7TH AVE S","","","Saint Cloud","MN","56301-5711","Stearns","(763) 634-6375","Active","Minnesota Health Operations LLC","60 ","","None","Unit name: Cottage 1; Unit capacity: 10 ; Ages served: 13 through 17; Gender: Either; Services provided: Group Residential Setting     Mental Health Treatment     Restrictive Techniques     ;  Unit name: Cottage 2; Unit capacity: 10 ; Ages served: 13 through 17; Gender: Either; Services provided: Group Residential Setting     Mental Health Treatment     Restrictive Techniques     ;  Unit name: Cottage 3; Unit capacity: 10 ; Ages served: 13 through 17; Gender: Either; Services provided: Group Residential Setting     Mental Health Treatment     Chemical Dependency Treatment     Restrictive Techniques     ;  Unit name: Cottage 4; Unit capacity: 10 ; Ages served: 13 through 17; Gender: Either; Services provided: Group Residential Setting     Mental Health Treatment     Chemical Dependency Treatment     Restrictive Techniques     ;  Unit name: Cottage 5; Unit capacity: 10 ; Ages served: 13 through 17; Gender: Either; Services provided: Group Residential Setting     Mental Health Treatment     Restrictive Techniques     ;  Unit name: Cottage 6; Unit capacity: 10 ; Ages served: 13 through 17; Gender: Either; Services provided: Group Residential Setting     Mental Health Treatment     Restrictive Techniques     ;  ","Minnesota Department of Human Services","10/18/2021","01/01/2026","12/31/2026","   ","",
"1119782","Children's Residential Facilities","Nexus East Bethel Family Healing","900 189TH AVE NE","","","East Bethel","MN","55011-9542","Anoka","(763) 551-8640","Active","Nexus Family Healing","40 ","","None","Psychiatric Residential Treatment Facility Unit name: Owl; Unit capacity: 10 ; Ages served: 10 through 21; Gender: Either;  Unit name: Dove; Unit capacity: 10 ; Ages served: 10 through 21; Gender: Either;  Unit name: Eagle; Unit capacity: 10 ; Ages served: 10 through 21; Gender: Either;  Unit name: Crane; Unit capacity: 10 ; Ages served: 10 through 21; Gender: Either;  ","","11/21/2023","01/01/2026","12/31/2026","   ","",
"1126892","Children's Residential Facilities","Nexus Family Healing Hennepin County Crisis Stabilization Program","1800 CHICAGO AVE","","","Minneapolis","MN","55404-1901","Hennepin","(763) 551-8640","Active","Nexus Family Healing","13 ","","None","Unit name: Neighborhood East; Unit capacity: 7  ; Ages served: 8 through 17; Gender: Either; Services provided: Restrictive Techniques     Shelter Services     Crisis Stabilization     ;  Unit name: Neighborhood West; Unit capacity: 6  ; Ages served: 8 through 17; Gender: Either; Services provided: Restrictive Techniques     Shelter Services     Crisis Stabilization     ;  ","Minnesota Department of Human Services","12/12/2025","01/01/2026","12/31/2026","   ","",
"831080","Children's Residential Facilities","Nexus Gerard Family Healing","1111 28TH ST NE","","","Austin","MN","55912-6410","Mower","(507) 433-1843","Active","Nexus Family Healing","93 ","","None","Unit name: Normandy; Unit capacity: 15 ; Ages served: 7 through 17; Gender: Either; Services provided: Group Residential Setting     Mental Health Treatment     Restrictive Techniques     ; Specialized Setting Certifications: Qualified Residential Treatment Program     ;  Unit name: Chateau; Unit capacity: 15 ; Ages served: 6 through 17; Gender: Either; Services provided: Group Residential Setting     Mental Health Treatment     Restrictive Techniques     ; Specialized Setting Certifications: Qualified Residential Treatment Program     ;  Unit name: Cherbourg; Unit capacity: 15 ; Ages served: 6 through 17; Gender: Either; Services provided: Group Residential Setting     Mental Health Treatment     Restrictive Techniques     ; Specialized Setting Certifications: Qualified Residential Treatment Program     ;  Unit name: Bordeaux; Unit capacity: 16 ; Ages served: 7 through 17; Gender: Either; Services provided: Group Residential Setting     Mental Health Treatment     Restrictive Techniques     ; Specialized Setting Certifications: Qualified Residential Treatment Program     ;  Unit name: Marseille; Unit capacity: 16 ; Ages served: 7 through 17; Gender: Either; Services provided: Group Residential Setting     Mental Health Treatment     Restrictive Techniques     ; Specialized Setting Certifications: Qualified Residential Treatment Program     ;  Unit name: Villa; Unit capacity: 16 ; Ages served: 6 through 17; Gender: Either; Services provided: Group Residential Setting     Mental Health Treatment     Restrictive Techniques     ; Specialized Setting Certifications: Qualified Residential Treatment Program     ;  ","Minnesota Department of Human Services","04/25/1999","01/01/2026","12/31/2026","   ","",
"1036935","Children's Residential Facilities","Nexus Mille Lacs Family Healing","407 130TH AVE S","","","Onamia","MN","56359-3115","Mille Lacs","(320) 532-4005","Active","Nexus Family Healing","96 ","","None","Unit name: Castle; Unit capacity: 26 ; Ages served: 10 through 14; Gender: Male; Services provided: Group Residential Setting     Mental Health Treatment     Restrictive Techniques     ; Specialized Setting Certifications: Qualified Residential Treatment Program     ;  Unit name: Navigators; Unit capacity: 26 ; Ages served: 14 through 17; Gender: Male; Services provided: Group Residential Setting     Mental Health Treatment     Restrictive Techniques     ; Specialized Setting Certifications: Qualified Residential Treatment Program     ;  Unit name: Ship; Unit capacity: 22 ; Ages served: 10 through 14; Gender: Male; Services provided: Group Residential Setting     Mental Health Treatment     Restrictive Techniques     ; Specialized Setting Certifications: Qualified Residential Treatment Program     ;  Unit name: Safari; Unit capacity: 22 ; Ages served: 14 through 17; Gender: Male; Services provided: Group Residential Setting     Mental Health Treatment     Restrictive Techniques     ; Specialized Setting Certifications: Qualified Residential Treatment Program     ;  ","Minnesota Department of Human Services","07/01/2005","01/01/2026","12/31/2026","   ","",
"1056498","Children's Residential Facilities","Nexus-Mille Lacs Family Healing, New Trails GH","312 ELM ST S","","","Onamia","MN","56359-4013","Mille Lacs","","Active","Nexus Family Healing","10 ","","None","Unit name: General Campus; Unit capacity: 10 ; Ages served: 10 through 21; Gender: Male; Services provided: Group Residential Setting     Correctional Services     ; Specialized Setting Certifications: Sex Trafficked - Commercially Sexually Exploited or At Risk     ;  ","Minnesota Department of Corrections","09/23/2009","01/01/2026","12/31/2026","   ","",
"1036963","Children's Residential Facilities","Nexus-Mille Lacs Family Healing, Willow Trails GH","3290 165TH LN NW","","","Anoka","MN","55304-2460","Anoka","","Active","Nexus Family Healing","14 ","","None","Unit name: General Campus; Unit capacity: 14 ; Ages served: 10 through 21; Gender: Female; Services provided: Group Residential Setting     Correctional Services     ; Specialized Setting Certifications: Sex Trafficked - Commercially Sexually Exploited or At Risk     ;  ","Minnesota Department of Corrections","07/01/2005","01/01/2026","12/31/2026","   ","",
"1028358","Children's Residential Facilities","North Homes Boys TNT","916 NW 20th Drive","","","Grand Rapids","MN","55744     ","Itasca","(218) 326-4012","Active","North Homes, Inc.","10 ","","None","Unit name: Boys TNT; Unit capacity: 10 ; Ages served: 10 through 21; Gender: Male; Services provided: Group Residential Setting     Correctional Services     ; Specialized Setting Certifications: Sex Trafficked - Commercially Sexually Exploited or At Risk     ;  ","Minnesota Department of Corrections","04/29/2004","01/01/2026","12/31/2026","   ","",
"1047010","Children's Residential Facilities","North Homes Cottage","1920 SE River Rd","","","Grand Rapids","MN","55744     ","Itasca","(218) 327-3055","Active","North Homes, Inc.","20 ","","None","Unit name: North Homes Cottage; Unit capacity: 20 ; Ages served: 10 through 17; Gender: Either; Services provided: Group Residential Setting     Mental Health Treatment     Restrictive Techniques     Shelter Services     ; Specialized Setting Certifications: Qualified Residential Treatment Program     ;  ","Minnesota Department of Human Services","04/01/2007","01/01/2026","12/31/2026","   ","info@northhomes.org",
"1036937","Children's Residential Facilities","Northwestern Minnesota Juvenile Center","1231 Fifth Street NW","","","Bemidji","MN","56619     ","Beltrami","(218) 751-3196","Active","Northwestern Minnesota Juvenile Center","65 ","","None","Unit name: Secure Detention; Unit capacity: 16 ; Ages served: 10 through 21; Gender: Either; Services provided: Group Residential Setting     Correctional Services     Secure Services     Restrictive Techniques     Detention Services     ;  Unit name: Nonsecure Detention; Unit capacity: 24 ; Ages served: 10 through 21; Gender: Either; Services provided: Group Residential Setting     Restrictive Techniques     Detention Services     ;  Unit name: Residential; Unit capacity: 25 ; Ages served: 10 through 21; Gender: Either; Services provided: Group Residential Setting     Correctional Services     Restrictive Techniques     ;  ","Minnesota Department of Corrections","07/01/2005","01/01/2026","12/31/2026","   ","center@nmjconline.org",
"801775","Children's Residential Facilities","Northwood Children's Services-Main Campus","714 W College St","","","Duluth","MN","55811     ","St. Louis","(218) 724-8815","Active","Northwood Children's Home Society, Inc.","44 ","","None","Unit name: Main - East Wing; Unit capacity: 22 ; Ages served: 5 through 17; Gender: Male; Services provided: Group Residential Setting     Mental Health Treatment     Restrictive Techniques     ; Specialized Setting Certifications: Qualified Residential Treatment Program     ;  Unit name: Main - West Wing; Unit capacity: 22 ; Ages served: 5 through 17; Gender: Either; Services provided: Group Residential Setting     Mental Health Treatment     Restrictive Techniques     ; Specialized Setting Certifications: Qualified Residential Treatment Program     ;  ","Minnesota Department of Human Services","03/28/1918","01/01/2026","12/31/2026","   ","hello@northwoodchildren.org",
"801777","Children's Residential Facilities","Northwood Children's Services-West Campus","4000 W 9th St","","","Duluth","MN","55807     ","St. Louis","(218) 628-0237","Active","Northwood Children's Home Society, Inc.","56 ","","PRTF Variance","Psychiatric Residential Treatment Facility Unit name: Scouts; Unit capacity: 12 ; Ages served: 5 through 21; Gender: Male;  Unit name: Timberwolves; Unit capacity: 12 ; Ages served: 5 through 21; Gender: Female;  Unit name: Huskies; Unit capacity: 12 ; Ages served: 5 through 21; Gender: Male;  Unit name: Wolverines; Unit capacity: 12 ; Ages served: 5 through 21; Gender: Male;  Unit name: IRTS Oaks; Unit capacity: 8  ; Ages served: 5 through 21; Gender: Either;  ","","03/28/1998","01/01/2026","12/31/2026","   ","hello@northwoodchildren.org",
"1091513","Children's Residential Facilities","Northwood Childrens Services Inc","4000 W 9TH ST","","","Duluth","MN","55807-1563","St. Louis","(218) 724-3472","Active","Northwood Children's Home Society, Inc.","8  ","","None","Unit name: Diagnostic & Assessment Center; Unit capacity: 8  ; Ages served: 5 through 17; Gender: Either; Services provided: Group Residential Setting     Mental Health Treatment     Restrictive Techniques     Shelter Services     ;  Unit name: Crisis Stabilization; Unit capacity: 2  ; Ages served: 6 through 17; Gender: Either; Services provided: Crisis Stabilization     ;  ","Minnesota Department of Human Services","01/27/2018","01/01/2026","12/31/2026","   ","hello@northwoodchildren.org",
"800099","Children's Residential Facilities","On-Belay House","115 Forestview Ln N"," "," ","Plymouth","MN","55441     ","Hennepin","(763) 546-8008","Closed as of 01/18/2026","On-belay Of Minnesota Inc dba Anthony Louis Center","20 ","","None","Unit name: On-Belay House; Unit capacity: 20 ; Ages served: 13 through 18; Gender: Either; Services provided: Group Residential Setting     Chemical Dependency Treatment (Co-occurring Disorders)     ;  ","Minnesota Department of Human Services","02/04/1980","01/01/2025","12/31/2025","   ","",
"1053704","Children's Residential Facilities","Park Nicollet Melrose Center","3525 Monterey Dr","","","St Louis Park","MN","55416     ","Hennepin","(952) 993-6510","Active","Park Nicollet Melrose Center","39 ","","License numbers 1053704 (CRF) and 1053706 (Rule 36) are co-located and together are licensed for a total capacity of 39. The number of clients in each service class/license is not fixed, but the combined capacity cannot exceed 39.","Unit name: Eating Disorders; Unit capacity: 39 ; Ages served: 8 through 18; Gender: Either; Services provided: Group Residential Setting     Mental Health Treatment     ;  ","Minnesota Department of Human Services","03/16/2009","01/01/2026","12/31/2026","   ","",
"1074613","Children's Residential Facilities","Passageways","","","","","  ","          ","Scott","(612) 767-4467","Active","The Link ","8  ","","None","Unit name: Passageways; Unit capacity: 8  ; Ages served: 12 through 17; Gender: Either; Services provided: Shelter Services     ; Specialized Setting Certifications: Sex Trafficked - Commercially Sexually Exploited or At Risk     ;  ","Minnesota Department of Human Services","09/10/2014","01/01/2026","12/31/2026","   ","",
"1036940","Children's Residential Facilities","PORT Group Homes Boys","1406 Laurel Street","","","Brainerd","MN","56401     ","Crow Wing","(218) 829-0263","Active","PORT of Crow Wing County","14 ","","None","Unit name: Boys; Unit capacity: 14 ; Ages served: 10 through 21; Gender: Male; Services provided: Group Residential Setting     Correctional Services     ;  ","Minnesota Department of Corrections","07/01/2005","01/01/2026","12/31/2026","   ","",
"1057221","Children's Residential Facilities","PORT Group Homes Girls","115 First Street N","","","Brainerd","MN","56401     ","Crow Wing","(218) 829-0263","Active","PORT of Crow Wing County","14 ","","None","Unit name: Girls; Unit capacity: 14 ; Ages served: 10 through 21; Gender: Female; Services provided: Group Residential Setting     Correctional Services     ;  ","Minnesota Department of Corrections","01/01/2010","01/01/2026","12/31/2026","   ","",
"1049805","Children's Residential Facilities","Prairie Lakes Youth Programs - Haven House Girls Group Home","822 PARK AVE NW","","","Willmar","MN","56201-2568","Kandiyohi","","Active","Prairie Lakes Joint Powers Board","12 ","","None","Unit name: Girls Group Home; Unit capacity: 12 ; Ages served: 10 through 21; Gender: Female; Services provided: Group Residential Setting     ;  ","Minnesota Department of Corrections","12/01/2007","01/01/2026","12/31/2026","   ","",
"1036941","Children's Residential Facilities","Prairie Lakes Youth Programs - Youth Services","1808 CIVIC CENTER DR","","","Willmar","MN","56201-9446","Kandiyohi","","Active","Prairie Lakes Joint Powers Board","39 ","","None","Unit name: Toledo's Passage and Leo's Legacy; Unit capacity: 23 ; Ages served: 10 through 21; Gender: Either; Services provided: Group Residential Setting     Correctional Services     Secure Services     Restrictive Techniques     Detention Services     ;  Unit name: Captain's Academy; Unit capacity: 16 ; Ages served: 10 through 21; Gender: Male; Services provided: Group Residential Setting     Correctional Services     Restrictive Techniques     ;  ","Minnesota Department of Corrections","07/01/2005","01/01/2026","12/31/2026","   ","",
"1049804","Children's Residential Facilities","Prairie Lakes Youth Programs- Integrity House North ","1013 LAKELAND DR NE","","","Willmar","MN","56201-2114","Kandiyohi","","Active","Prairie Lakes Joint Powers Board, Prairie Lakes Youth Programs- Integrity House North, AND Prairie Lakes Youth Programs- Integrity House North","12 ","","None","Unit name: Integrity House North; Unit capacity: 12 ; Ages served: 10 through 21; Gender: Male; Services provided: Group Residential Setting     ;  ","Minnesota Department of Corrections","12/01/2007","03/06/2026","12/31/2026","   ","",
"1056393","Children's Residential Facilities","Prairie Lakes Youth Programs- Integrity House South ","1005 LAKELAND DR NE","","","Willmar","MN","56201-2114","Kandiyohi","","Active","Prairie Lakes Joint Powers Board","12 ","","None","Unit name: PLYP Integrity House South; Unit capacity: 12 ; Ages served: 10 through 21; Gender: Male; Services provided: Group Residential Setting     ;  ","Minnesota Department of Corrections","12/10/2009","02/06/2026","12/31/2026","   ","",
"1082863","Children's Residential Facilities","PrairieCare Residential Services","12915 63RD AVE N","","","Maple Grove","MN","55369-6001","Hennepin","(952) 826-8400","Active","Paragon Residential Treatment for Youth LLC","20 ","","None","Unit name: Paragon Res Trmnt Ctr for Youth LLC; Unit capacity: 20 ; Ages served: 10 through 17; Gender: Either; Services provided: Group Residential Setting     Mental Health Treatment     Restrictive Techniques     ; Specialized Setting Certifications: Qualified Residential Treatment Program     ;  ","Minnesota Department of Human Services","01/27/2017","01/01/2026","12/31/2026","   ","",
"1036942","Children's Residential Facilities","Ramsey County Juvenile Detention Center","25 W Seventh Street","","","Saint Paul","MN","55102     ","Ramsey","(651) 266-5255","Active","Ramsey County","44 ","","None","Unit name: Detention; Unit capacity: 44 ; Ages served: 10 through 21; Gender: Either; Services provided: Correctional Services     Secure Services     Restrictive Techniques     Detention Services     ;  ","Minnesota Department of Corrections","07/01/2005","01/01/2026","12/31/2026","   ","",
"1036943","Children's Residential Facilities","Red River Valley Juvenile Center","600 Bruce Street","","","Crookston","MN","56716     ","Polk","(218) 281-6091","Active","Red River Valley Juvenile Center","16 ","","None","Unit name: Detention; Unit capacity: 8  ; Ages served: 10 through 21; Gender: Either; Services provided: Group Residential Setting     Secure Services     Restrictive Techniques     Detention Services     ;  Unit name: General Campus; Unit capacity: 8  ; Ages served: 10 through 21; Gender: Either; Services provided: Group Residential Setting     Correctional Services     Restrictive Techniques     Detention Services     ;  ","Minnesota Department of Corrections","07/01/2005","01/01/2026","12/31/2026","   ","",
"800221","Children's Residential Facilities","Salvation Army Booth Brown House Services (The)","1471 Como Ave W","","","Saint Paul","MN","55108     ","Ramsey","(651) 646-2601","Active","Salvation Army (The)","10 ","","None","Unit name: Transitional Service; Unit capacity: 10 ; Ages served: 16 through 20; Gender: Either; Services provided: Transitional Services     ;  ","Minnesota Department of Human Services","01/01/1970","01/01/2026","12/31/2026","   ","",
"1036946","Children's Residential Facilities","Scott County Juvenile Alternative Facility","17681 Valley View Drive","","","Jordan","MN","55352     ","Scott","(952) 496-8950","Active","Scott County","16 ","","None","Unit name: General Campus; Unit capacity: 16 ; Ages served: 10 through 21; Gender: Either; Services provided: Group Residential Setting     Correctional Services     Restrictive Techniques     Detention Services     ;  ","Minnesota Department of Corrections","07/01/2005","01/01/2026","12/31/2026","   ","",
"1076384","Children's Residential Facilities","Sol House","2405 W 5th St","","","Duluth","MN","55806     ","St. Louis","(218) 722-7431","Active","Life House Inc","6  ","","None","Unit name: Sol House; Unit capacity: 6  ; Ages served: 15 through 17; Gender: Either; Services provided: Group Residential Setting     Transitional Services     ; Specialized Setting Certifications: Sex Trafficked - Commercially Sexually Exploited or At Risk     ;  ","Minnesota Department of Human Services","07/01/2015","01/01/2026","12/31/2026","   ","",
"1108377","Children's Residential Facilities","Southeast Regional Crisis Center Nexus","2121 CAMPUS DR SE","","","Rochester","MN","55904-4744","Olmsted","(507) 322-3019","Active","Nexus Family Healing","12 ","","None","Unit name: Unit 1; Unit capacity: 12 ; Ages served: 8 through 18; Gender: Either; Services provided: Shelter Services     ;  ","Minnesota Department of Human Services","07/01/2021","01/01/2026","12/31/2026","   ","",
"1122436","Children's Residential Facilities","STAR House","1268 STANFORD AVE","","","Saint Paul","MN","55105-2853","Ramsey","(612) 440-2422","Active","STAR House","5  ","","None","Unit name: Unit 1; Unit capacity: 5  ; Ages served: 6 and younger; Gender: Either; Services provided: Shelter Services     ;  ","Minnesota Department of Human Services","10/04/2024","01/01/2026","12/31/2026","   ","info@starhousemn.org",
"1104708","Children's Residential Facilities","The Bridge Residential Facility LLC","34490 S PUGHOLE LAKE RD","","","Grand Rapids","MN","55744-5374","Itasca","(218) 327-2464","Active","The Bridge Residential Facility LLC","9  ","","None","Unit name: Nonsecure Residential; Unit capacity: 9  ; Ages served: 11 through 21; Gender: Male; Services provided: Group Residential Setting     Correctional Services     ; Specialized Setting Certifications: Sex Trafficked - Commercially Sexually Exploited or At Risk     ;  ","Minnesota Department of Corrections","09/01/2020","01/01/2026","12/31/2026","   ","bridgeresidential@gmail.com",
"1116745","Children's Residential Facilities","The Freedom Ranch","16966 COUNTY ROAD 2","","","Brainerd","MN","56401-1333","Crow Wing","(218) 515-3586","Active","Rising Hope Foundation","8  ","","None","Unit name: Unit 1; Unit capacity: 8  ; Ages served: 12 through 17; Gender: Female; Services provided: Group Residential Setting     ;  ","Minnesota Department of Human Services","10/26/2023","01/01/2026","12/31/2026","   ","",
"1104909","Children's Residential Facilities","The Links Youth Emergency Shelter Program dba Dignity House","","","","","  ","          ","Hennepin","(612) 636-4260","Active","The Link ","5  ","","None","Unit name: Unit 1; Unit capacity: 5  ; Ages served: 10 through 17; Gender: Either; Services provided: Shelter Services     ; Specialized Setting Certifications: Sex Trafficked - Commercially Sexually Exploited or At Risk     ;  ","Minnesota Department of Human Services","07/22/2020","01/01/2026","12/31/2026","   ","",
"1081271","Children's Residential Facilities","Tubman Safe Journeys Youth Program","1725 Monastery Way","","","Maplewood ","MN","55109     ","Ramsey","(651) 770-0777","Active","Tubman","24 ","","RESTRICTIONS - Total capacity of 24, parents & up to one children per parent ages 0 - 3.","Unit name: 1; Unit capacity: 24 ; Ages served: 16 through 20; Gender: Either; Services provided: Transitional Services     ;  ","Minnesota Department of Human Services","10/24/2016","01/01/2026","12/31/2026","   ","",
"1118137","Children's Residential Facilities","Valley Lake II Transition to Independent Living","305 4TH ST N","","","Breckenridge","MN","56520-1416","Wilkin","(701) 403-9601","Active","Valley-Lake Boy's Home, Inc","6  ","","None","Unit name: Unit 1; Unit capacity: 6  ; Ages served: 16 through 20; Gender: Male; Services provided: Transitional Services     ;  ","Minnesota Department of Human Services","09/01/2023","01/01/2026","12/31/2026","   ","vlii@valleylakeboyshome.org",
"1036970","Children's Residential Facilities","Valley-Lake Boy's Home, Inc","3850 200th Avenue","","","Breckenridge","MN","56520     ","Wilkin","(218) 643-4036","Active","Valley-Lake Boy's Home, Inc","14 ","","None","Unit name: General Campus; Unit capacity: 14 ; Ages served: 10 through 21; Gender: Male; Services provided: Group Residential Setting     Correctional Services     ; Specialized Setting Certifications: Sex Trafficked - Commercially Sexually Exploited or At Risk     ;  ","Minnesota Department of Corrections","07/01/2005","01/01/2026","12/31/2026","   ","",
"1129952","Children's Residential Facilities","Village Ranch Baxter House","13417 CYPRESS DR S","","","Baxter","MN","56425-8253","Crow Wing","","Active","Scott Bakeberg AND Village Ranch Baxter House","12 ","","None","Unit name: Village Ranch Baxter House; Unit capacity: 12 ; Ages served: 12 through 18; Gender: Male; Services provided: Group Residential Setting     Restrictive Techniques     ;  ","Minnesota Department of Corrections","12/01/2025","01/01/2026","12/31/2026","   ","",
"1083564","Children's Residential Facilities","Village Ranch Girls Program","380 Annandale Boulevard","","","Annandale","MN","55302     ","Wright","(320) 286-2922","Active","Scott Bakeberg","16 ","","None","Unit name: Girls; Unit capacity: 16 ; Ages served: 12 through 18; Gender: Female; Services provided: Group Residential Setting     Correctional Services     Restrictive Techniques     ;  ","Minnesota Department of Corrections","11/01/2016","01/01/2026","12/31/2026","   ","",
"1061311","Children's Residential Facilities","Village Ranch Hutchinson House","851 Dale Street","","","Hutchinson","MN","55350     ","McLeod","(320) 286-2922","Active","Scott Bakeberg","12 ","","None","Unit name: Hutchinson; Unit capacity: 12 ; Ages served: 14 through 19; Gender: Male; Services provided: Group Residential Setting     Restrictive Techniques     ;  ","Minnesota Department of Corrections","09/06/2011","01/01/2026","12/31/2026","   ","",
"1036977","Children's Residential Facilities","Village Ranch Residential Facility","13637 60th Street SW","","","Cokato","MN","55321     ","Wright","(320) 286-2922","Active","Scott Bakeberg","34 ","","None","Unit name: General Campus; Unit capacity: 34 ; Ages served: 10 through 21; Gender: Male; Services provided: Group Residential Setting     Correctional Services     Restrictive Techniques     ;  ","Minnesota Department of Corrections","07/01/2005","01/01/2026","12/31/2026","   ","",
"1077394","Children's Residential Facilities","Village Ranch Rochester","1117 First Avenue NE","","","Rochester","MN","55906     ","Olmsted","(320) 286-2922","Active","Scott Bakeberg","12 ","","None","Unit name: Rochester; Unit capacity: 12 ; Ages served: 12 through 19; Gender: Male; Services provided: Group Residential Setting     Restrictive Techniques     ;  ","Minnesota Department of Corrections","04/01/2015","01/01/2026","12/31/2026","   ","",
"1036980","Children's Residential Facilities","Washington County Temporary Holdover Facility","15015 62nd Street N","","","Stillwater","MN","55082     ","Washington","(651) 430-7963","Active","Washington County","5  ","","None","Unit name: 8 Day THF; Unit capacity: 5  ; Ages served: 10 through 21; Gender: Either; Services provided: Secure Services     Restrictive Techniques     Detention Services     ;  ","Minnesota Department of Corrections","07/01/2005","01/01/2026","12/31/2026","   ","",
"1036981","Children's Residential Facilities","West Central Regional Juvenile Center","919 Eighth Avenue N","","","Moorhead","MN","56560     ","Clay","(218) 299-5150","Active","West Central Regional Juvenile Center AND West Central Regional Juvenile Center Transitional Living Skill Progra","80 ","","Unit 1 Only - Number of Long-Term Beds: 20 ","Unit name: Secure; Unit capacity: 55 ; Ages served: 10 through 21; Gender: Either; Services provided: Group Residential Setting     Correctional Services     Secure Services     Restrictive Techniques     Detention Services     ;  Unit name: Nonsecure; Unit capacity: 25 ; Ages served: 10 through 21; Gender: Either; Services provided: Group Residential Setting     Correctional Services     Restrictive Techniques     Detention Services     ;  ","Minnesota Department of Corrections","07/01/2005","01/01/2026","12/31/2026","   ","",
"1130804","Children's Residential Facilities","West Central Regional Juvenile Center Transitional Living Program","715 11TH ST N STE 203","","","Moorhead","MN","56560-2083","Clay","","Active","West Central Regional Juvenile Center Transitional Living Program","16 ","","None","Unit name: WCRJC Transitional Living Program; Unit capacity: 16 ; Ages served: 13 through 21; Gender: Female; Services provided: Group Residential Setting     Correctional Services     Restrictive Techniques     ;  ","Minnesota Department of Corrections","03/10/2026","03/18/2026","12/31/2026","   ","",
"1047343","Children's Residential Facilities","Wings","1326 E Ripley","","","Litchfield","MN","55355     ","Meeker","(320) 593-0440","Active","Jacy II LLC","20 ","","None","Unit name: Wings; Unit capacity: 20 ; Ages served: 13 through 18; Gender: Either; Services provided: Group Residential Setting     Chemical Dependency Treatment (Co-occurring Disorders, Medical services)     ;  ","Minnesota Department of Human Services","07/29/2007","01/01/2026","12/31/2026","   ","",
"1084386","Children's Residential Facilities","Winnie Sisu","705 18th St NW","","","Bemidji","MN","56601     ","Beltrami","(218) 751-0282","Active","North Homes, Inc.","6  ","","None","Unit name: Winnie Sisu; Unit capacity: 6  ; Ages served: 16 through 21; Gender: Female; Services provided: Transitional Services     ; Specialized Setting Certifications: Sex Trafficked - Commercially Sexually Exploited or At Risk     ;  ","Minnesota Department of Human Services","10/20/2017","01/01/2026","12/31/2026","   ","info@northhomes.org",
